{
	"type": "Fracker",
	"name": "容器開封機(冷却水)",
	"description": "液体をチタンとトリウムの容器から取り出す装置。",
	"health": 500,
	"result": "cryofluid",
	"consumes":
	{
		"power": 0.833,
		"items": {
		  "items": [
                {"item": "CryofluidBottle", "amount": 1}
     ]
	  }
	},
	"size": 2,
	"pumpAmount": 0.334,
	"requirements": [
		{"item": "titanium", "amount": 50},
		{"item": "thorium", "amount": 50}
	],
	"category": "production",
	"research": "CryofluidZip",
	"liquidCapacity": 30
}
