{
	"type": "Fracker",
	"name": "スラグ生成機",
	"description": "ピラタイトを使って大量のスラグを生産します。",
	"health": 500,
	"result": "slag",
 "hasPower":"true",
 "itemDuration": 120,
	"consumes":
	{
   "power": 5,
		"items": {
		"items": [
            {"item": "pyratite", "amount": 1}
        ]
	}
	},
	"size": 2,
	"pumpAmount": 1.6666667
	"requirements": [
		{"item": "copper", "amount": 100},
		{"item": "lead", "amount": 100},
   {"item": "graphite", "amount": 100},
   {"item": "titanium", "amount":100}
	],
	"category": "production",
	"research": "melter",
	"liquidCapacity": 300,
 "itemCapacity": 60
}
