{
	"type": "Fracker",
	"name": "水生成機",
	"description": "ウォーターポンプよりも効率よく水を組み上げます。",
	"health": 300,
	"result": "water",
 "hasPower":"true",
	"consumes":
	{
   "power":6
		"items": {
		"items": [
        ]
	}
	},
	"size": 2,
	"pumpAmount": 1
	"requirements": [
		{"item": "copper", "amount": 100},
		{"item": "lead", "amount": 50},
   {"item": "graphite", "amount": 50}
	],
	"category": "production",
	"research": "water-extractor",
	"liquidCapacity": 60
}
